Gryffindor,Hufflepuff,Ravenclaw,Slytherin,Mean,Std
-0.2589783232341585,-0.156115941396383,-0.19576724571009885,-0.2749171612997359,,
-0.1816740461044756,0.212314608460211,0.13305242681091714,-0.16303774479760483,1.110933871610408,5.272326611773534
0.07969100669480544,0.13684886841909136,0.0723675078850039,-0.2879157941370198,3.077881604696672,4.159968960241219
-0.09093316839257547,-0.15782778838883657,0.3034434635685257,-0.053471230776553254,-217.12349315361,493.2501626787563
0.16278663505982957,-0.24924701713473804,0.20181046848814346,-0.11415236751647109,496.6390013189569,107.40577013902876
-0.16846705499070788,-0.03210733943775691,0.28394429952373673,-0.08235453934011895,-243.38948459882565,8.835439492811155
0.2818840366502977,-0.07225051325945989,-0.06258234176899369,-0.14676272914419947,22.63272015655578,98.92619805829024
